Photon Energy,Absorption
0.70,7.24
0.71,7.24
0.71,7.25
0.71,7.25
0.71,7.26
0.72,7.27
0.72,7.27
0.72,7.28
0.72,7.28
0.73,7.29
0.73,7.29
0.73,7.30
0.73,7.30
0.74,7.31
0.74,7.32
0.74,7.32
0.74,7.33
0.75,7.33
0.75,7.34
0.75,7.34
0.75,7.35
0.76,7.35
0.76,7.36
0.76,7.37
0.76,7.37
0.77,7.38
0.77,7.38
0.77,7.39
0.77,7.39
0.78,7.40
0.78,7.40
0.78,7.41
0.78,7.42
0.79,7.42
0.79,7.43
0.79,7.43
0.79,7.44
0.80,7.44
0.80,7.45
0.80,7.46
0.80,7.46
0.81,7.47
0.81,7.47
0.81,7.48
0.81,7.49
0.82,7.49
0.82,7.50
0.82,7.50
0.82,7.51
0.83,7.51
0.83,7.52
0.83,7.53
0.83,7.53
0.84,7.54
0.84,7.54
0.84,7.55
0.84,7.55
0.85,7.56
0.85,7.57
0.85,7.57
0.85,7.58
0.86,7.58
0.86,7.59
0.86,7.60
0.86,7.60
0.87,7.61
0.87,7.61
0.87,7.62
0.87,7.63
0.88,7.63
0.88,7.64
0.88,7.64
0.88,7.65
0.89,7.66
0.89,7.66
0.89,7.67
0.89,7.67
0.90,7.68
0.90,7.69
0.90,7.69
0.90,7.70
0.91,7.70
0.91,7.71
0.91,7.72
0.91,7.72
0.92,7.73
0.92,7.74
0.92,7.74
0.92,7.75
0.93,7.75
0.93,7.76
0.93,7.77
0.93,7.77
0.94,7.78
0.94,7.78
0.94,7.79
0.94,7.80
0.95,7.80
0.95,7.81
0.95,7.82
0.95,7.82
0.96,7.83
0.96,7.83
0.96,7.84
0.96,7.85
0.97,7.85
0.97,7.86
0.97,7.87
0.97,7.87
0.98,7.88
0.98,7.89
0.98,7.89
0.98,7.90
0.99,7.90
0.99,7.91
0.99,7.92
0.99,7.92
1.00,7.93
1.00,7.94
1.00,7.94
1.00,7.95
1.01,7.96
1.01,7.96
1.01,7.97
1.01,7.98
1.02,7.98
1.02,7.99
1.02,8.00
1.02,8.00
1.03,8.01
1.03,8.02
1.03,8.02
1.03,8.03
1.04,8.04
1.04,8.04
1.04,8.05
1.04,8.05
1.05,8.06
1.05,8.07
1.05,8.07
1.05,8.08
1.06,8.09
1.06,8.09
1.06,8.10
1.06,8.11
1.07,8.12
1.07,8.12
1.07,8.13
1.07,8.14
1.08,8.14
1.08,8.15
1.08,8.16
1.08,8.16
1.09,8.17
1.09,8.18
1.09,8.18
1.09,8.19
1.10,8.20
1.10,8.20
1.10,8.21
1.10,8.22
1.11,8.22
1.11,8.23
1.11,8.24
1.11,8.24
1.12,8.25
1.12,8.26
1.12,8.27
1.12,8.27
1.13,8.28
1.13,8.29
1.13,8.29
1.13,8.30
1.14,8.31
1.14,8.31
1.14,8.32
1.14,8.33
1.15,8.34
1.15,8.34
1.15,8.35
1.15,8.36
1.16,8.36
1.16,8.37
1.16,8.38
1.16,8.39
1.17,8.39
1.17,8.40
1.17,8.41
1.17,8.41
1.18,8.42
1.18,8.43
1.18,8.44
1.18,8.44
1.19,8.45
1.19,8.46
1.19,8.47
1.19,8.47
1.20,8.48
1.20,8.49
1.20,8.49
1.20,8.50
1.21,8.51
1.21,8.52
1.21,8.52
1.21,8.53
1.22,8.54
1.22,8.55
1.22,8.55
1.22,8.56
1.23,8.57
1.23,8.58
1.23,8.58
1.23,8.59
1.24,8.60
1.24,8.61
1.24,8.61
1.24,8.62
1.25,8.63
1.25,8.64
1.25,8.64
1.25,8.65
1.26,8.66
1.26,8.67
1.26,8.67
1.26,8.68
1.27,8.69
1.27,8.70
1.27,8.71
1.27,8.71
1.28,8.72
1.28,8.73
1.28,8.74
1.28,8.74
1.29,8.75
1.29,8.76
1.29,8.77
1.29,8.78
1.30,8.78
1.30,8.79
1.30,8.80
1.30,8.81
1.31,8.81
1.31,8.82
1.31,8.83
1.31,8.84
1.32,8.85
1.32,8.85
1.32,8.86
1.32,8.87
1.33,8.88
1.33,8.89
1.33,8.89
1.33,8.90
1.34,8.91
1.34,8.92
1.34,8.93
1.34,8.93
1.35,8.94
1.35,8.95
1.35,8.96
1.35,8.97
1.36,8.98
1.36,8.98
1.36,8.99
1.36,9.00
1.37,9.01
1.37,9.02
1.37,9.02
1.37,9.03
1.38,9.04
1.38,9.05
1.38,9.06
1.38,9.07
1.39,9.07
1.39,9.08
1.39,9.09
1.39,9.10
1.40,9.11
1.40,9.12
1.40,9.12
1.40,9.13
1.41,9.14
1.41,9.15
1.41,9.16
1.41,9.17
1.42,9.18
1.42,9.18
1.42,9.19
1.42,9.20
1.43,9.21
1.43,9.22
1.43,9.23
1.43,9.24
1.44,9.24
1.44,9.25
1.44,9.26
1.44,9.27
1.45,9.28
1.45,9.29
1.45,9.30
1.45,9.30
1.46,9.31
1.46,9.32
1.46,9.33
1.46,9.34
1.47,9.35
1.47,9.36
1.47,9.37
1.47,9.38
1.48,9.38
1.48,9.39
1.48,9.40
1.48,9.41
1.49,9.42
1.49,9.43
1.49,9.44
1.49,9.45
1.50,9.46
1.50,9.46
1.50,9.47
1.50,9.48
1.51,9.49
1.51,9.50
1.51,9.51
1.51,9.52
1.52,9.53
1.52,9.54
1.52,9.55
1.52,9.56
1.53,9.57
1.53,9.57
1.53,9.58
1.53,9.59
1.54,9.60
1.54,9.61
1.54,9.62
1.54,9.63
1.55,9.64
1.55,9.65
1.55,9.66
1.55,9.67
1.56,9.68
1.56,9.69
1.56,9.70
1.56,9.71
1.57,9.72
1.57,9.73
1.57,9.73
1.57,9.74
1.58,9.75
1.58,9.76
1.58,9.77
1.58,9.78
1.59,9.79
1.59,9.80
1.59,9.81
1.59,9.82
1.60,9.83
1.60,9.84
1.60,9.85
1.60,9.86
1.61,9.87
1.61,9.88
1.61,9.89
1.61,9.90
1.62,9.91
1.62,9.92
1.62,9.93
1.62,9.94
1.63,9.95
1.63,9.96
1.63,9.97
1.63,9.98
1.64,9.99
1.64,10.00
1.64,10.01
1.64,10.02
1.65,10.03
1.65,10.04
1.65,10.05
1.65,10.06
1.66,10.07
1.66,10.08
1.66,10.09
1.66,10.10
1.67,10.11
1.67,10.12
1.67,10.13
1.67,10.14
1.68,10.15
1.68,10.16
1.68,10.17
1.68,10.18
1.69,10.19
1.69,10.20
1.69,10.22
1.69,10.23
1.70,10.24
1.70,10.25
1.70,10.26
1.70,10.27
1.71,10.28
1.71,10.29
1.71,10.30
1.71,10.31
1.72,10.32
1.72,10.33
1.72,10.34
1.72,10.35
1.73,10.36
1.73,10.37
1.73,10.39
1.73,10.40
1.74,10.41
1.74,10.42
1.74,10.43
1.74,10.44
1.75,10.45
1.75,10.46
1.75,10.47
1.75,10.48
1.76,10.50
1.76,10.51
1.76,10.52
1.76,10.53
1.77,10.54
1.77,10.55
1.77,10.56
1.77,10.57
1.78,10.58
1.78,10.60
1.78,10.61
1.78,10.62
1.79,10.63
1.79,10.64
1.79,10.65
1.79,10.66
1.80,10.68
1.80,10.69
1.80,10.70
1.80,10.71
1.81,10.72
1.81,10.73
1.81,10.74
1.81,10.76
1.82,10.77
1.82,10.78
1.82,10.79
1.82,10.80
1.83,10.81
1.83,10.83
1.83,10.84
1.83,10.85
1.84,10.86
1.84,10.87
1.84,10.88
1.84,10.90
1.85,10.91
1.85,10.92
1.85,10.93
1.85,10.94
1.86,10.96
1.86,10.97
1.86,10.98
1.86,10.99
1.87,11.01
1.87,11.02
1.87,11.03
1.87,11.04
1.88,11.05
1.88,11.07
1.88,11.08
1.88,11.09
1.89,11.10
1.89,11.12
1.89,11.13
1.89,11.14
1.90,11.15
1.90,11.17
1.90,11.18
1.90,11.19
1.91,11.20
1.91,11.22
1.91,11.23
1.91,11.24
1.92,11.25
1.92,11.27
1.92,11.28
1.92,11.29
1.93,11.30
1.93,11.32
1.93,11.33
1.93,11.34
1.94,11.36
1.94,11.37
1.94,11.38
1.94,11.39
1.95,11.41
1.95,11.42
1.95,11.43
1.95,11.45
1.96,11.46
1.96,11.47
1.96,11.49
1.96,11.50
1.97,11.51
1.97,11.53
1.97,11.54
1.97,11.55
1.98,11.57
1.98,11.58
1.98,11.59
1.98,11.61
1.99,11.62
1.99,11.63
1.99,11.65
1.99,11.66
2.00,11.67
2.00,11.69
2.00,11.70
2.00,11.72
2.01,11.73
2.01,11.74
2.01,11.76
2.01,11.77
2.02,11.78
2.02,11.80
2.02,11.81
2.02,11.83
2.03,11.84
2.03,11.85
2.03,11.87
2.03,11.88
2.04,11.90
2.04,11.91
2.04,11.92
2.04,11.94
2.05,11.95
2.05,11.97
2.05,11.98
2.05,12.00
2.06,12.01
2.06,12.03
2.06,12.04
2.06,12.05
2.07,12.07
2.07,12.08
2.07,12.10
2.07,12.11
2.08,12.13
2.08,12.14
2.08,12.16
2.08,12.17
2.09,12.19
2.09,12.20
2.09,12.22
2.09,12.23
2.10,12.25
2.10,12.26
2.10,12.28
2.10,12.29
2.11,12.31
2.11,12.32
2.11,12.34
2.11,12.35
2.12,12.37
2.12,12.38
2.12,12.40
2.12,12.41
2.13,12.43
2.13,12.44
2.13,12.46
2.13,12.48
2.14,12.49
2.14,12.51
2.14,12.52
2.14,12.54
2.15,12.55
2.15,12.57
2.15,12.58
2.15,12.60
2.16,12.62
2.16,12.63
2.16,12.65
2.16,12.66
2.17,12.68
2.17,12.70
2.17,12.71
2.17,12.73
2.18,12.75
2.18,12.76
2.18,12.78
2.18,12.79
2.19,12.81
2.19,12.83
2.19,12.84
2.19,12.86
2.20,12.88
2.20,12.89
2.20,12.91
2.20,12.93
2.21,12.94
2.21,12.96
2.21,12.98
2.21,12.99
2.22,13.01
2.22,13.03
2.22,13.04
2.22,13.06
2.23,13.08
2.23,13.10
2.23,13.11
2.23,13.13
2.24,13.15
2.24,13.16
2.24,13.18
2.24,13.20
2.25,13.22
2.25,13.23
2.25,13.25
2.25,13.27
2.26,13.29
2.26,13.30
2.26,13.32
2.26,13.34
2.27,13.36
2.27,13.38
2.27,13.39
2.27,13.41
2.28,13.43
2.28,13.45
2.28,13.47
2.28,13.48
2.29,13.50
2.29,13.52
2.29,13.54
2.29,13.56
2.30,13.57
2.30,13.59
2.30,13.61
2.30,13.63
2.31,13.65
2.31,13.67
2.31,13.69
2.31,13.70
2.32,13.72
2.32,13.74
2.32,13.76
2.32,13.78
2.33,13.80
2.33,13.82
2.33,13.84
2.33,13.86
2.34,13.88
2.34,13.89
2.34,13.91
2.34,13.93
2.35,13.95
2.35,13.97
2.35,13.99
2.35,14.01
2.36,14.03
2.36,14.05
2.36,14.07
2.36,14.09
2.37,14.11
2.37,14.13
2.37,14.15
2.37,14.17
2.38,14.19
2.38,14.21
2.38,14.23
2.38,14.25
2.39,14.27
2.39,14.29
2.39,14.31
2.39,14.33
2.40,14.35
2.40,14.37
2.40,14.39
2.40,14.41
2.41,14.44
2.41,14.46
2.41,14.48
2.41,14.50
2.42,14.52
2.42,14.54
2.42,14.56
2.42,14.58
2.43,14.60
2.43,14.63
2.43,14.65
2.43,14.67
2.44,14.69
2.44,14.71
2.44,14.73
2.44,14.75
2.45,14.78
2.45,14.80
2.45,14.82
2.45,14.84
2.46,14.86
2.46,14.89
2.46,14.91
2.46,14.93
2.47,14.95
2.47,14.97
2.47,15.00
2.47,15.02
2.48,15.04
2.48,15.07
2.48,15.09
2.48,15.11
2.49,15.13
2.49,15.16
2.49,15.18
2.49,15.20
2.50,15.23
2.50,15.25
2.50,15.27
2.50,15.30
2.51,15.32
2.51,15.34
2.51,15.37
2.51,15.39
2.52,15.41
2.52,15.44
2.52,15.46
2.52,15.48
2.53,15.51
2.53,15.53
2.53,15.56
2.53,15.58
2.54,15.61
2.54,15.63
2.54,15.65
2.54,15.68
2.55,15.70
2.55,15.73
2.55,15.75
2.55,15.78
2.56,15.80
2.56,15.83
2.56,15.85
2.56,15.88
2.57,15.90
2.57,15.93
2.57,15.95
2.57,15.98
2.58,16.00
2.58,16.03
2.58,16.06
2.58,16.08
2.59,16.11
2.59,16.13
2.59,16.16
2.59,16.19
2.60,16.21
2.60,16.24
2.60,16.27
2.60,16.29
2.61,16.32
2.61,16.34
2.61,16.37
2.61,16.40
2.62,16.43
2.62,16.45
2.62,16.48
2.62,16.51
2.63,16.53
2.63,16.56
2.63,16.59
2.63,16.62
2.64,16.64
2.64,16.67
2.64,16.70
2.64,16.73
2.65,16.76
2.65,16.78
2.65,16.81
2.65,16.84
2.66,16.87
2.66,16.90
2.66,16.93
2.66,16.96
2.67,16.98
2.67,17.01
2.67,17.04
2.67,17.07
2.68,17.10
2.68,17.13
2.68,17.16
2.68,17.19
2.69,17.22
2.69,17.25
2.69,17.28
2.69,17.31
2.70,17.34
2.70,17.37
2.70,17.40
2.70,17.43
2.71,17.46
2.71,17.49
2.71,17.52
2.71,17.55
2.72,17.58
2.72,17.61
2.72,17.64
2.72,17.68
2.73,17.71
2.73,17.74
2.73,17.77
2.73,17.80
2.74,17.83
2.74,17.87
2.74,17.90
2.74,17.93
2.75,17.96
2.75,17.99
2.75,18.03
2.75,18.06
2.76,18.09
2.76,18.13
2.76,18.16
2.76,18.19
2.77,18.22
2.77,18.26
2.77,18.29
2.77,18.33
2.78,18.36
2.78,18.39
2.78,18.43
2.78,18.46
2.79,18.50
2.79,18.53
2.79,18.56
2.79,18.60
2.80,18.63
2.80,18.67
2.80,18.70
2.80,18.74
2.81,18.77
2.81,18.81
2.81,18.85
2.81,18.88
2.82,18.92
2.82,18.95
2.82,18.99
2.82,19.03
2.83,19.06
2.83,19.10
2.83,19.13
2.83,19.17
2.84,19.21
2.84,19.25
2.84,19.28
2.84,19.32
2.85,19.36
2.85,19.40
2.85,19.43
2.85,19.47
2.86,19.51
2.86,19.55
2.86,19.59
2.86,19.63
2.87,19.66
2.87,19.70
2.87,19.74
2.87,19.78
2.88,19.82
2.88,19.86
2.88,19.90
2.88,19.94
2.89,19.98
2.89,20.02
2.89,20.06
2.89,20.10
2.90,20.14
2.90,20.18
2.90,20.22
2.90,20.26
2.91,20.31
2.91,20.35
2.91,20.39
2.91,20.43
2.92,20.47
2.92,20.51
2.92,20.56
2.92,20.60
2.93,20.64
2.93,20.69
2.93,20.73
2.93,20.77
2.94,20.82
2.94,20.86
2.94,20.90
2.94,20.95
2.95,20.99
2.95,21.04
2.95,21.08
2.95,21.12
2.96,21.17
2.96,21.21
2.96,21.26
2.96,21.31
2.97,21.35
2.97,21.40
2.97,21.44
2.97,21.49
2.98,21.54
2.98,21.58
2.98,21.63
2.98,21.68
2.99,21.72
2.99,21.77
2.99,21.82
2.99,21.87
3.00,21.92
3.00,21.96
3.00,8.81
3.00,8.86
3.01,8.91
3.01,8.96
3.01,9.01
3.01,9.06
3.02,9.11
3.02,9.16
3.02,9.21
3.02,9.26
3.03,9.31
3.03,9.36
3.03,9.41
3.03,9.46
3.04,9.52
3.04,9.57
3.04,9.62
3.04,9.67
3.05,9.73
3.05,9.78
3.05,9.83
3.05,9.88
3.06,9.94
3.06,9.99
3.06,10.05
3.06,10.10
3.07,10.16
3.07,10.21
3.07,10.27
3.07,10.32
3.08,10.38
3.08,10.43
3.08,10.49
3.08,10.55
3.09,10.60
3.09,10.66
3.09,10.72
3.09,10.77
3.10,10.83
3.10,10.89
3.10,10.95
3.10,11.01
3.11,11.07
3.11,11.13
3.11,11.18
3.11,11.24
3.12,11.30
3.12,11.37
3.12,11.43
3.12,11.49
3.13,11.55
3.13,11.61
3.13,11.67
3.13,11.73
3.14,11.80
3.14,11.86
3.14,11.92
3.14,11.99
3.15,12.05
3.15,12.11
3.15,12.18
3.15,12.24
3.16,12.31
3.16,12.37
3.16,12.44
3.16,12.50
3.17,12.57
3.17,12.64
3.17,12.70
3.17,12.77
3.18,12.84
3.18,12.91
3.18,12.97
3.18,13.04
3.19,13.11
3.19,13.18
3.19,13.25
3.19,13.32
3.20,13.39
3.20,13.46
3.20,13.53
3.20,13.60
3.21,13.67
3.21,13.75
3.21,13.82
3.21,13.89
3.22,13.96
3.22,14.04
3.22,14.11
3.22,14.19
3.23,14.26
3.23,14.34
3.23,14.41
3.23,14.49
3.24,14.56
3.24,14.64
3.24,14.72
3.24,14.79
3.25,14.87
3.25,14.95
3.25,15.03
3.25,15.11
3.26,15.19
3.26,15.27
3.26,15.35
3.26,15.43
3.27,15.51
3.27,15.59
3.27,15.67
3.27,15.75
3.28,15.83
3.28,15.92
3.28,16.00
3.28,16.08
3.29,16.17
3.29,16.25
3.29,16.34
3.29,16.42
3.30,16.51
3.30,16.59
3.30,16.68
3.30,16.77
3.31,16.86
3.31,16.94
3.31,17.03
3.31,17.12
3.32,17.21
3.32,17.30
3.32,17.39
3.32,17.48
3.33,17.57
3.33,17.66
3.33,17.75
3.33,17.85
3.34,17.94
3.34,18.03
3.34,18.13
3.34,18.22
3.35,18.31
3.35,18.41
3.35,18.50
3.35,18.60
3.36,18.70
3.36,18.79
3.36,18.89
3.36,18.99
3.37,19.08
3.37,19.18
3.37,19.28
3.37,19.38
3.38,19.48
3.38,19.58
3.38,19.68
3.38,19.78
3.39,19.88
3.39,19.98
3.39,20.08
3.39,20.19
3.40,20.29
3.40,20.39
3.40,20.50
3.40,20.60
3.41,20.70
3.41,20.81
3.41,20.91
3.41,21.02
3.42,21.12
3.42,21.23
3.42,21.34
3.42,21.44
3.43,21.55
3.43,21.66
3.43,21.76
3.43,21.87
3.44,21.98
3.44,22.09
3.44,22.20
3.44,22.31
3.45,22.41
3.45,22.52
3.45,22.63
3.45,22.74
3.46,22.85
3.46,22.96
3.46,23.07
3.46,23.18
3.47,23.29
3.47,23.40
3.47,23.51
3.47,23.62
3.48,23.73
3.48,23.85
3.48,23.96
3.48,24.07
3.49,24.18
3.49,24.29
3.49,24.40
3.49,24.51
3.50,24.62
3.50,24.73
3.50,24.84
3.50,24.94
3.51,25.05
3.51,25.16
3.51,25.27
3.51,25.38
3.52,25.48
3.52,25.59
3.52,25.70
3.52,25.80
3.53,25.91
3.53,26.01
3.53,26.11
3.53,26.22
3.54,26.32
3.54,26.42
3.54,26.52
3.54,26.62
3.55,26.71
3.55,26.81
3.55,26.91
3.55,27.00
3.56,27.09
3.56,27.18
3.56,27.27
3.56,27.36
3.57,27.45
3.57,27.53
3.57,27.62
3.57,27.70
3.58,27.78
3.58,27.85
3.58,27.93
3.58,28.00
3.59,28.07
3.59,28.14
3.59,28.20
3.59,28.27
3.60,28.33
3.60,28.38
3.60,28.44
3.60,28.49
3.61,28.53
3.61,28.58
3.61,28.62
3.61,28.66
3.62,28.69
3.62,28.72
3.62,28.75
3.62,28.77
3.63,28.78
3.63,28.80
3.63,28.81
3.63,28.81
3.64,28.81
3.64,28.80
3.64,28.79
3.64,28.78
3.65,28.75
3.65,28.73
3.65,28.69
3.65,28.66
3.66,28.61
3.66,28.56
3.66,28.50
3.66,28.44
3.67,28.37
3.67,28.29
3.67,28.21
3.67,28.12
3.68,28.02
3.68,27.92
3.68,27.80
3.68,27.68
3.69,27.56
3.69,27.42
3.69,27.28
3.69,27.13
3.70,26.97
3.70,26.80
3.70,26.62
3.70,26.44
3.71,26.25
3.71,26.05
3.71,25.84
3.71,25.62
3.72,25.39
3.72,25.16
3.72,24.91
3.72,24.66
3.73,24.40
3.73,24.13
3.73,23.85
3.73,23.56
3.74,23.27
3.74,22.97
3.74,22.65
3.74,22.33
3.75,22.01
3.75,21.67
3.75,21.33
3.75,20.98
3.76,20.62
3.76,20.25
3.76,19.88
3.76,19.50
3.77,19.12
3.77,18.73
3.77,18.33
3.77,17.92
3.78,17.52
3.78,17.10
3.78,16.68
3.78,16.26
3.79,15.83
3.79,15.40
3.79,14.97
3.79,14.53
3.80,14.09
3.80,13.65
3.80,13.20
3.80,12.76
3.81,12.31
3.81,11.86
3.81,11.41
3.81,10.96
3.82,10.51
3.82,10.06
3.82,9.62
3.82,9.17
3.83,8.73
3.83,8.28
3.83,7.84
3.83,7.41
3.84,6.97
3.84,6.54
3.84,6.12
3.84,5.70
3.85,5.28
3.85,4.87
3.85,4.46
3.85,4.06
3.86,3.66
3.86,3.27
3.86,2.89
3.86,2.51
3.87,2.14
3.87,1.77
3.87,1.42
3.87,1.07
3.88,0.73
3.88,0.39
3.88,0.07
3.88,-0.25
3.89,-0.56
3.89,-0.87
3.89,-1.16
3.89,-1.45
3.90,-1.72
3.90,-1.99
3.90,-2.25
3.90,-2.51
3.91,-2.75
3.91,-2.99
3.91,-3.21
3.91,-3.43
3.92,-3.64
3.92,-3.84
3.92,-4.04
3.92,-4.22
3.93,-4.40
3.93,-4.57
3.93,-4.74
3.93,-4.89
3.94,-5.04
3.94,-5.18
3.94,-5.31
3.94,-5.44
3.95,-5.56
3.95,-5.68
3.95,-5.78
3.95,-5.88
3.96,-5.98
3.96,-6.07
3.96,-6.15
3.96,-6.23
3.97,-6.31
3.97,-6.38
3.97,-6.44
3.97,-6.50
3.98,-6.56
3.98,-6.61
3.98,-6.66
3.98,-6.70
3.99,-6.75
3.99,-6.79
3.99,-6.82
3.99,-6.86
4.00,-6.89
4.00,-6.92
4.00,-6.95
4.00,6.23
4.01,6.20
4.01,6.18
4.01,6.15
4.01,6.13
4.02,6.11
4.02,6.08
4.02,6.06
4.02,6.04
4.03,6.01
4.03,5.99
4.03,5.96
4.03,5.94
4.04,5.91
4.04,5.88
4.04,5.84
4.04,5.81
4.05,5.78
4.05,5.74
4.05,5.70
4.05,5.65
4.06,5.61
4.06,5.56
4.06,5.50
4.06,5.45
4.07,5.39
4.07,5.33
4.07,5.26
4.07,5.19
4.08,5.12
4.08,5.04
4.08,4.96
4.08,4.87
4.09,4.78
4.09,4.69
4.09,4.59
4.09,4.48
4.10,4.37
4.10,4.26
4.10,4.14
4.10,4.02
4.11,3.89
4.11,3.76
4.11,3.62
4.11,3.48
4.12,3.33
4.12,3.18
4.12,3.03
4.12,2.87
4.13,2.70
4.13,2.53
4.13,2.35
4.13,2.17
4.14,1.99
4.14,1.80
4.14,1.60
4.14,1.40
4.15,1.20
4.15,0.99
4.15,0.77
4.15,0.56
4.16,0.33
4.16,0.11
4.16,-0.12
4.16,-0.36
4.17,-0.60
4.17,-0.84
4.17,-1.09
4.17,-1.34
4.18,-1.59
4.18,-1.85
4.18,-2.11
4.18,-2.38
4.19,-2.64
4.19,-2.91
4.19,-3.19
4.19,-3.46
4.20,-3.74
4.20,-4.02
4.20,-4.30
4.20,-4.58
4.21,-4.87
4.21,-5.16
4.21,-5.45
4.21,-5.73
4.22,-6.02
4.22,-6.32
4.22,-6.61
4.22,-6.90
4.23,-7.19
4.23,-7.48
4.23,-7.77
4.23,-8.06
4.24,-8.35
4.24,-8.64
4.24,-8.93
4.24,-9.22
4.25,-9.50
4.25,-9.79
4.25,-10.07
4.25,-10.35
4.26,-10.62
4.26,-10.90
4.26,-11.17
4.26,-11.44
4.27,-11.71
4.27,-11.98
4.27,-12.24
4.27,-12.50
4.28,-12.75
4.28,-13.01
4.28,-13.26
4.28,-13.51
4.29,-13.75
4.29,-13.99
4.29,-14.23
4.29,-14.46
4.30,-14.70
4.30,-14.93
4.30,-15.15
4.30,-15.37
4.31,-15.59
4.31,-15.81
4.31,-16.02
4.31,-16.23
4.32,-16.44
4.32,-16.65
4.32,-16.85
4.32,-17.05
4.33,-17.25
4.33,-17.45
4.33,-17.64
4.33,-17.83
4.34,-18.02
4.34,-18.21
4.34,-18.39
4.34,-18.57
4.35,-18.75
4.35,-18.93
4.35,-19.11
4.35,-19.29
4.36,-19.46
4.36,-19.63
4.36,-19.80
4.36,-19.97
4.37,-20.14
4.37,-20.31
4.37,-20.47
4.37,-20.64
4.38,-20.80
4.38,-20.96
4.38,-21.12
4.38,-21.28
4.39,-21.43
4.39,-21.59
4.39,-21.74
4.39,-21.89
4.40,-22.04
4.40,-22.19
4.40,-22.33
4.40,-22.48
4.41,-22.62
4.41,-22.76
4.41,-22.90
4.41,-23.03
4.42,-23.17
4.42,-23.30
4.42,-23.43
4.42,-23.55
4.43,-23.68
4.43,-23.80
4.43,-23.92
4.43,-24.03
4.44,-24.14
4.44,-24.25
4.44,-24.36
4.44,-24.46
4.45,-24.56
4.45,-24.66
4.45,-24.76
4.45,-24.85
4.46,-24.93
4.46,-25.02
4.46,-25.10
4.46,-25.18
4.47,-25.25
4.47,-25.32
4.47,-25.39
4.47,-25.45
4.48,-25.51
4.48,-25.56
4.48,-25.62
4.48,-25.67
4.49,-25.71
4.49,-25.75
4.49,-25.79
4.49,-25.83
4.50,-25.86
4.50,-25.89
4.50,-25.91
4.50,-25.93
4.51,-25.95
4.51,-25.96
4.51,-25.98
4.51,-25.98
4.52,-25.99
4.52,-25.99
4.52,-25.99
4.52,-25.98
4.53,-25.98
4.53,-25.97
4.53,-25.95
4.53,-25.94
4.54,-25.92
4.54,-25.90
4.54,-25.87
4.54,-25.84
4.55,-25.81
4.55,-25.78
4.55,-25.75
4.55,-25.71
4.56,-25.67
4.56,-25.62
4.56,-25.58
4.56,-25.53
4.57,-25.48
4.57,-25.43
4.57,-25.38
4.57,-25.32
4.58,-25.26
4.58,-25.20
4.58,-25.14
4.58,-25.07
4.59,-25.01
4.59,-24.94
4.59,-24.87
4.59,-24.80
4.60,-24.72
4.60,-24.65
4.60,-24.57
4.60,-24.49
4.61,-24.41
4.61,-24.33
4.61,-24.24
4.61,-24.16
4.62,-24.07
4.62,-23.98
4.62,-23.89
4.62,-23.80
4.63,-23.71
4.63,-23.62
4.63,-23.53
4.63,-23.43
4.64,-23.33
4.64,-23.24
4.64,-23.14
4.64,-23.04
4.65,-22.94
4.65,-22.84
4.65,-22.74
4.65,-22.63
4.66,-22.53
4.66,-22.43
4.66,-22.32
4.66,-22.22
4.67,-22.11
4.67,-22.00
4.67,-21.90
4.67,-21.79
4.68,-21.68
4.68,-21.58
4.68,-21.47
4.68,-21.36
4.69,-21.25
4.69,-21.14
4.69,-21.03
4.69,-20.93
4.70,-20.82
4.70,-20.71
4.70,-20.60
4.70,-20.49
4.71,-20.38
4.71,-20.27
4.71,-20.16
4.71,-20.06
4.72,-19.95
4.72,-19.84
4.72,-19.73
4.72,-19.63
4.73,-19.52
4.73,-19.42
4.73,-19.31
4.73,-19.21
4.74,-19.10
4.74,-19.00
4.74,-18.90
4.74,-18.79
4.75,-18.69
4.75,-18.59
4.75,-18.49
4.75,-18.39
4.76,-18.29
4.76,-18.20
4.76,-18.10
4.76,-18.00
4.77,-17.91
4.77,-17.82
4.77,-17.73
4.77,-17.63
4.78,-17.54
4.78,-17.46
4.78,-17.37
4.78,-17.28
4.79,-17.20
4.79,-17.11
4.79,-17.03
4.79,-16.95
4.80,-16.87
4.80,-16.79
4.80,-16.72
4.80,-16.64
4.81,-16.57
4.81,-16.50
4.81,-16.43
4.81,-16.36
4.82,-16.29
4.82,-16.23
4.82,-16.17
4.82,-16.10
4.83,-16.04
4.83,-15.99
4.83,-15.93
4.83,-15.87
4.84,-15.82
4.84,-15.77
4.84,-15.72
4.84,-15.67
4.85,-15.63
4.85,-15.59
4.85,-15.54
4.85,-15.50
4.86,-15.47
4.86,-15.43
4.86,-15.40
4.86,-15.36
4.87,-15.33
4.87,-15.31
4.87,-15.28
4.87,-15.25
4.88,-15.23
4.88,-15.21
4.88,-15.19
4.88,-15.17
4.89,-15.16
4.89,-15.14
4.89,-15.13
4.89,-15.12
4.90,-15.11
4.90,-15.11
4.90,-15.10
4.90,-15.10
4.91,-15.09
4.91,-15.09
4.91,-15.10
4.91,-15.10
4.92,-15.10
4.92,-15.11
4.92,-15.12
4.92,-15.12
4.93,-15.13
4.93,-15.15
4.93,-15.16
4.93,-15.17
4.94,-15.19
4.94,-15.21
4.94,-15.22
4.94,-15.24
4.95,-15.26
4.95,-15.29
4.95,-15.31
4.95,-15.33
4.96,-15.36
4.96,-15.38
4.96,-15.41
4.96,-15.44
4.97,-15.46
4.97,-15.49
4.97,-15.52
4.97,-15.55
4.98,-15.59
4.98,-15.62
4.98,-15.65
4.98,-15.68
4.99,-15.71
4.99,-15.75
4.99,-15.78
4.99,-15.82
5.00,-15.85
5.00,-15.88
5.00,-15.92
5.00,-15.95
5.01,-15.99
5.01,-16.02
5.01,-16.06
5.01,-16.09
5.02,-16.12
5.02,-16.16
5.02,-16.19
5.02,-16.22
5.03,-16.25
5.03,-16.29
5.03,-16.32
5.03,-16.35
5.04,-16.38
5.04,-16.40
5.04,-16.43
5.04,-16.46
5.05,-16.48
5.05,-16.51
5.05,-16.53
5.05,-16.56
5.06,-16.58
5.06,-16.60
5.06,-16.62
5.06,-16.64
5.07,-16.66
5.07,-16.68
5.07,-16.69
5.07,-16.71
5.08,-16.72
5.08,-16.74
5.08,-16.75
5.08,-16.76
5.09,-16.77
5.09,-16.78
5.09,-16.79
5.09,-16.80
5.10,-16.81
5.10,-16.81
5.10,-16.82
5.10,-16.82
5.11,-16.83
5.11,-16.83
5.11,-16.84
5.11,-16.84
5.12,-16.84
5.12,-16.84
5.12,-16.84
5.12,-16.84
5.13,-16.85
5.13,-16.85
5.13,-16.85
5.13,-16.85
5.14,-16.85
5.14,-16.85
5.14,-16.85
5.14,-16.85
5.15,-16.85
5.15,-16.85
5.15,-16.85
5.15,-16.85
5.16,-16.85
5.16,-16.85
5.16,-16.85
5.16,-16.85
5.17,-16.85
5.17,-16.86
5.17,-16.86
5.17,-16.86
5.18,-16.87
5.18,-16.87
5.18,-16.88
5.18,-16.88
5.19,-16.89
5.19,-16.90
5.19,-16.90
5.19,-16.91
5.20,-16.92
5.20,-16.93
5.20,-16.94
5.20,-16.95
5.21,-16.96
5.21,-16.97
5.21,-16.98
5.21,-16.99
5.22,-17.01
5.22,-17.02
5.22,-17.03
5.22,-17.05
5.23,-17.06
5.23,-17.07
5.23,-17.09
5.23,-17.10
5.24,-17.11
5.24,-17.13
5.24,-17.14
5.24,-17.16
5.25,-17.17
5.25,-17.18
5.25,-17.20
5.25,-17.21
5.26,-17.22
5.26,-17.23
5.26,-17.24
5.26,-17.25
5.27,-17.27
5.27,-17.27
5.27,-17.28
5.27,-17.29
5.28,-17.30
5.28,-17.30
5.28,-17.31
5.28,-17.31
5.29,-17.32
5.29,-17.32
5.29,-17.32
5.29,-17.32
5.30,-17.32
5.30,-17.32
5.30,-17.31
5.30,-17.31
5.31,-17.30
5.31,-17.30
5.31,-17.29
5.31,-17.28
5.32,-17.27
5.32,-17.26
5.32,-17.24
5.32,-17.23
5.33,-17.21
5.33,-17.19
5.33,-17.17
5.33,-17.15
5.34,-17.13
5.34,-17.11
5.34,-17.09
5.34,-17.06
5.35,-17.03
5.35,-17.01
5.35,-16.98
5.35,-16.95
5.36,-16.92
5.36,-16.88
5.36,-16.85
5.36,-16.81
5.37,-16.78
5.37,-16.74
5.37,-16.70
5.37,-16.66
5.38,-16.62
5.38,-16.58
5.38,-16.54
5.38,-16.50
5.39,-16.45
5.39,-16.41
5.39,-16.36
5.39,-16.31
5.40,-16.27
5.40,-16.22
5.40,-16.17
5.40,-16.12
5.41,-16.07
5.41,-16.02
5.41,-15.97
5.41,-15.91
5.42,-15.86
5.42,-15.81
5.42,-15.75
5.42,-15.70
5.43,-15.64
5.43,-15.59
5.43,-15.53
5.43,-15.47
5.44,-15.42
5.44,-15.36
5.44,-15.30
5.44,-15.24
5.45,-15.18
5.45,-15.12
5.45,-15.06
5.45,-15.00
5.46,-14.94
5.46,-14.88
5.46,-14.82
5.46,-14.76
5.47,-14.70
5.47,-14.64
5.47,-14.58
5.47,-14.51
5.48,-14.45
5.48,-14.39
5.48,-14.33
5.48,-14.26
5.49,-14.20
5.49,-14.14
5.49,-14.08
5.49,-14.01
5.50,-13.95
5.50,-13.89
5.50,-13.82
5.50,-13.76
5.51,-13.70
5.51,-13.63
5.51,-13.57
5.51,-13.51
5.52,-13.44
5.52,-13.38
5.52,-13.32
5.52,-13.25
5.53,-13.19
5.53,-13.13
5.53,-13.07
5.53,-13.00
5.54,-12.94
5.54,-12.88
5.54,-12.81
5.54,-12.75
5.55,-12.69
5.55,-12.63
5.55,-12.57
5.55,-12.50
5.56,-12.44
5.56,-12.38
5.56,-12.32
5.56,-12.26
5.57,-12.20
5.57,-12.14
5.57,-12.07
5.57,-12.01
5.58,-11.95
5.58,-11.89
5.58,-11.83
5.58,-11.77
5.59,-11.72
5.59,-11.66
5.59,-11.60
5.59,-11.54
5.60,-11.48
5.60,-11.42
5.60,-11.37
5.60,-11.31
5.61,-11.25
5.61,-11.19
5.61,-11.14
5.61,-11.08
5.62,-11.03
5.62,-10.97
5.62,-10.92
5.62,-10.86
5.63,-10.81
5.63,-10.75
5.63,-10.70
5.63,-10.64
5.64,-10.59
5.64,-10.54
5.64,-10.49
5.64,-10.43
5.65,-10.38
5.65,-10.33
5.65,-10.28
5.65,-10.23
5.66,-10.18
5.66,-10.13
5.66,-10.08
5.66,-10.03
5.67,-9.99
5.67,-9.94
5.67,-9.89
5.67,-9.84
5.68,-9.80
5.68,-9.75
5.68,-9.70
5.68,-9.66
5.69,-9.61
5.69,-9.57
5.69,-9.52
5.69,-9.48
5.70,-9.44
5.70,-9.39
5.70,-9.35